{
  "title": "Ackley_10Dx_10Dn_[-5.0, 10.0]_rffD20_noiseTest0.005_noiseTrain0.005",
  "dimensions": 10,
  "n_train": 100,
  "n_test": 5000,
  "num_rff": 20,
  "feature_dim": 40,
  "ard": true,
  "best_train_loss": 0.9604637134857229,
  "noise_train": 0.005,
  "noise_test": 0.005,
  "noise_type": "gaussian",
  "Total_Time": 6.967424631118774,
  "Training_Time": 6.953803539276123,
  "Prediction_Time": 0.013621091842651367,
  "RRMSE": 0.6718422364603983,
  "RMSE": 0.9276373854449939,
  "MSE": 0.860511118875224,
  "MAE": 0.7362646226268729,
  "NIS": 3.426429304031607,
  "NIS_width": 2.14234155147594,
  "NIS_outside": 1.2840877525556678,
  "CRPS": 0.5274477061488202,
  "NCRPS": 0.3820044901973638,
  "NLPD": 1.4058193181250616
}