{
  "title": "Ackley_20Dx_10Dn_[-5.0, 10.0]_rffD50_noiseTest0.005_noiseTrain0.005",
  "dimensions": 20,
  "n_train": 200,
  "n_test": 5000,
  "num_rff": 50,
  "feature_dim": 100,
  "ard": true,
  "best_train_loss": 0.8848446624018704,
  "noise_train": 0.005,
  "noise_test": 0.005,
  "noise_type": "gaussian",
  "standardize_x": true,
  "x_standardize_method": 2,
  "x_scaling_type": "UniformScaler [-1, 1]",
  "Total_Time": 7.847574949264526,
  "Training_Time": 7.825200796127319,
  "Prediction_Time": 0.02237415313720703,
  "RRMSE": 0.5689797712494671,
  "RMSE": 0.537241249815745,
  "MSE": 0.2886281605035837,
  "MAE": 0.4268962091716825,
  "NIS": 3.145893725706899,
  "NIS_width": 1.6644565856036797,
  "NIS_outside": 1.4814371401032194,
  "CRPS": 0.30798095891162264,
  "NCRPS": 0.32617550422799074,
  "NLPD": 0.9220365099193026
}