{
  "title": "Ackley_40Dx_2Dn_[-5.0, 10.0]_rffD20_noiseTest0.005_noiseTrain0.005",
  "dimensions": 40,
  "n_train": 80,
  "n_test": 200,
  "num_rff": 20,
  "feature_dim": 40,
  "ard": true,
  "best_train_loss": 118.64031219482422,
  "noise_train": 0.005,
  "noise_test": 0.005,
  "noise_type": "gaussian",
  "Total_Time": 0.6313958168029785,
  "Training_Time": 0.6248812675476074,
  "Prediction_Time": 0.006514549255371094,
  "RRMSE": 1.0241550799899737,
  "RMSE": 0.6993143879360973,
  "MSE": 0.4890406131744385,
  "MAE": 0.5666236281394958,
  "NIS": 5.8672003746032715,
  "NIS_width": 2.8180031776428223,
  "NIS_outside": 3.04919695854187,
  "CRPS": 0.41050466208177183,
  "NCRPS": 0.6011894539613444,
  "NLPD": 1.2438020706176758
}