{
  "title": "Ackley_40Dx_40Dn_[-5.0, 10.0]_rffD50_noiseTest0.005_noiseTrain0.005",
  "dimensions": 40,
  "n_train": 1600,
  "n_test": 5000,
  "num_rff": 50,
  "feature_dim": 100,
  "ard": true,
  "best_train_loss": 1449.1856535744705,
  "noise_train": 0.005,
  "noise_test": 0.005,
  "noise_type": "gaussian",
  "Total_Time": 27.694189071655273,
  "Training_Time": 27.6414635181427,
  "Prediction_Time": 0.05272555351257324,
  "RRMSE": 0.5509075727807671,
  "RMSE": 0.3627821797549148,
  "MSE": 0.1316109099477273,
  "MAE": 0.28598990638976457,
  "NIS": 2.625270801608321,
  "NIS_width": 2.1795168377164855,
  "NIS_outside": 0.4457539638918357,
  "CRPS": 0.20373288767009415,
  "NCRPS": 0.3093812124889183,
  "NLPD": 0.4059968147151964
}