{
  "title": "Ackley_10Dx_10Dn_[-5.0, 10.0]_rffD200_noiseTest0.005_noiseTrain0.005",
  "dimensions": 10,
  "n_train": 100,
  "n_test": 5000,
  "num_rff": 200,
  "feature_dim": 400,
  "ard": true,
  "best_train_loss": 0.6732015095496868,
  "noise_train": 0.005,
  "noise_test": 0.005,
  "noise_type": "gaussian",
  "standardize_x": true,
  "x_standardize_method": 2,
  "x_scaling_type": "UniformScaler [-1, 1]",
  "Total_Time": 10.966940641403198,
  "Training_Time": 10.92466688156128,
  "Prediction_Time": 0.042273759841918945,
  "RRMSE": 0.4157966336627983,
  "RMSE": 0.5741057664964528,
  "MSE": 0.3295974311244796,
  "MAE": 0.45078008363627414,
  "NIS": 2.292556902582839,
  "NIS_width": 1.26522089962337,
  "NIS_outside": 1.027336002959469,
  "CRPS": 0.32577663660471234,
  "NCRPS": 0.23594403110226392,
  "NLPD": 1.000001970648827
}