{
  "title": "Ackley_10Dx_10Dn_[-5.0, 10.0]_rffD200_noiseTest0.005_noiseTrain0.005",
  "dimensions": 10,
  "n_train": 100,
  "n_test": 5000,
  "num_rff": 200,
  "feature_dim": 400,
  "ard": true,
  "num_epochs": 100,
  "optimizer": "Adam",
  "optimizer_kwargs": {
    "lr": 0.01,
    "betas": [
      0.9,
      0.999
    ],
    "eps": 1e-08,
    "weight_decay": 0.0,
    "amsgrad": false
  },
  "best_train_loss": 1.4917087689208746,
  "noise_train": 0.005,
  "noise_test": 0.005,
  "noise_type": "gaussian",
  "standardize_x": true,
  "x_standardize_method": 2,
  "x_scaling_type": "UniformScaler [-1, 1]",
  "Total_Time": 16.83437466621399,
  "Training_Time": 16.79937434196472,
  "Prediction_Time": 0.03500032424926758,
  "RRMSE": 0.8800649184641852,
  "RMSE": 1.215138131664784,
  "MSE": 1.4765606790257821,
  "MAE": 0.9700078390681459,
  "NIS": 4.501249447030856,
  "NIS_width": 2.7502013366897593,
  "NIS_outside": 1.7510481103410973,
  "CRPS": 0.6929719091235891,
  "NCRPS": 0.5018855476663309,
  "NLPD": 1.6869757002754158
}