{
  "title": "Ackley_10Dx_1000Dn_[-5.0, 10.0]_rffD100_noiseTest0.005_noiseTrain0.005",
  "dimensions": 10,
  "n_train": 10000,
  "n_test": 5000,
  "num_rff": 100,
  "feature_dim": 200,
  "ard": true,
  "best_train_loss": -737.3919435226526,
  "noise_train": 0.005,
  "noise_test": 0.005,
  "noise_type": "gaussian",
  "Total_Time": 18.797285556793213,
  "Training_Time": 18.451577186584473,
  "Prediction_Time": 0.34570837020874023,
  "RRMSE": 0.2127742169803152,
  "RMSE": 0.2937430116953872,
  "MSE": 0.08628495691987637,
  "MAE": 0.23104475181422834,
  "NIS": 1.053531823549606,
  "NIS_width": 0.8701518145031196,
  "NIS_outside": 0.1833800090464863,
  "CRPS": 0.16389185006177512,
  "NCRPS": 0.11871587979261206,
  "NLPD": 0.19415495528768056
}