{
  "title": "Ackley_40Dx_40Dn_[-5.0, 10.0]_rffD40_noiseTest0.005_noiseTrain0.005",
  "dimensions": 40,
  "n_train": 1600,
  "n_test": 5000,
  "num_rff": 40,
  "feature_dim": 80,
  "ard": true,
  "best_train_loss": 0.8906701293116711,
  "noise_train": 0.005,
  "noise_test": 0.005,
  "noise_type": "gaussian",
  "Total_Time": 14.872209310531616,
  "Training_Time": 14.81778597831726,
  "Prediction_Time": 0.05442333221435547,
  "RRMSE": 0.5511587244837651,
  "RMSE": 0.3629475675019063,
  "MSE": 0.13173093675555084,
  "MAE": 0.2855251219579022,
  "NIS": 2.6824630514647727,
  "NIS_width": 2.14932980735911,
  "NIS_outside": 0.5331332441056623,
  "CRPS": 0.20358465563238848,
  "NCRPS": 0.30915611281021865,
  "NLPD": 0.4068652246085074
}