{
  "title": "Ackley_10Dx_400Dn_[-5.0, 10.0]_rffD100_noiseTest0.005_noiseTrain0.005",
  "dimensions": 10,
  "n_train": 4000,
  "n_test": 5000,
  "num_rff": 100,
  "feature_dim": 200,
  "ard": true,
  "best_train_loss": -100.5046131877425,
  "noise_train": 0.005,
  "noise_test": 0.005,
  "noise_type": "gaussian",
  "Total_Time": 9.889963150024414,
  "Training_Time": 9.744917631149292,
  "Prediction_Time": 0.14504551887512207,
  "RRMSE": 0.22403565691980387,
  "RMSE": 0.31133087189190883,
  "MSE": 0.09692691179297613,
  "MAE": 0.2407008648428429,
  "NIS": 1.122512631463176,
  "NIS_width": 0.874805970667719,
  "NIS_outside": 0.24770666079545678,
  "CRPS": 0.17185837852539995,
  "NCRPS": 0.12367037196194912,
  "NLPD": 0.25153135724633824
}