{
  "title": "Ackley_10Dx_1000Dn_[-5.0, 10.0]_rffD200_noiseTest0.005_noiseTrain0.005",
  "dimensions": 10,
  "n_train": 10000,
  "n_test": 5000,
  "num_rff": 200,
  "feature_dim": 400,
  "ard": true,
  "best_train_loss": -0.15952294198988803,
  "noise_train": 0.005,
  "noise_test": 0.005,
  "noise_type": "gaussian",
  "Total_Time": 110.52538752555847,
  "Training_Time": 109.98953866958618,
  "Prediction_Time": 0.53584885597229,
  "RRMSE": 0.19236075096334737,
  "RMSE": 0.26556143466004406,
  "MSE": 0.07052287557870084,
  "MAE": 0.20940862146320896,
  "NIS": 0.9470112546281712,
  "NIS_width": 0.7875077309186778,
  "NIS_outside": 0.1595035237094935,
  "CRPS": 0.148463568437923,
  "NCRPS": 0.10754032697547428,
  "NLPD": 0.09307910427174743
}