{
  "title": "Ackley_40Dx_40Dn_[-5.0, 10.0]_rffD200_noiseTest0.005_noiseTrain0.005",
  "dimensions": 40,
  "n_train": 1600,
  "n_test": 5000,
  "num_rff": 200,
  "feature_dim": 400,
  "ard": true,
  "orthogonal_rff": true,
  "resample_refine": false,
  "best_train_loss": 10.39515625958721,
  "noise_train": 0.005,
  "noise_test": 0.005,
  "noise_type": "gaussian",
  "Total_Time": 17.850440740585327,
  "Training_Time": 17.734641313552856,
  "Prediction_Time": 0.1157994270324707,
  "RRMSE": 1.7066410784828174,
  "RMSE": 1.1238527134163403,
  "MSE": 1.2630449214532706,
  "MAE": 0.9512558559590092,
  "NIS": 35.5176197985189,
  "NIS_width": 1.336184369239302,
  "NIS_outside": 34.181435429279595,
  "CRPS": 0.8400776554811115,
  "NCRPS": 1.2757107927437739,
  "NLPD": 12.455817250211473
}