{
  "title": "Ackley_40Dx_40Dn_[-5.0, 10.0]_rffD100_noiseTest0.005_noiseTrain0.005",
  "dimensions": 40,
  "n_train": 1600,
  "n_test": 5000,
  "num_rff": 100,
  "feature_dim": 200,
  "ard": true,
  "best_train_loss": 0.7749708035873737,
  "noise_train": 0.005,
  "noise_test": 0.005,
  "noise_type": "gaussian",
  "Total_Time": 43.44780397415161,
  "Training_Time": 43.37085747718811,
  "Prediction_Time": 0.07694649696350098,
  "RRMSE": 0.48790921883070015,
  "RMSE": 0.32129667239182774,
  "MSE": 0.1032315516900615,
  "MAE": 0.25455301651614365,
  "NIS": 2.3441366340753205,
  "NIS_width": 1.8525791328824708,
  "NIS_outside": 0.4915575011928498,
  "CRPS": 0.18080128078400107,
  "NCRPS": 0.27455812416050346,
  "NLPD": 0.2880056339704326
}