{
  "title": "Ackley_40Dx_40Dn_[-5.0, 10.0]_rffD150_noiseTest0.005_noiseTrain0.005",
  "dimensions": 40,
  "n_train": 1600,
  "n_test": 5000,
  "num_rff": 150,
  "feature_dim": 300,
  "ard": true,
  "best_train_loss": 1295.2418365050746,
  "noise_train": 0.005,
  "noise_test": 0.005,
  "noise_type": "gaussian",
  "Total_Time": 64.442134141922,
  "Training_Time": 64.34292197227478,
  "Prediction_Time": 0.0992121696472168,
  "RRMSE": 0.4753925870310438,
  "RMSE": 0.3130542535328007,
  "MSE": 0.09800296565497907,
  "MAE": 0.24796234847184315,
  "NIS": 2.272515706056754,
  "NIS_width": 1.8748477882082053,
  "NIS_outside": 0.3976679178485486,
  "CRPS": 0.17603108696310754,
  "NCRPS": 0.26731428461651696,
  "NLPD": 0.259542663743889
}