{
  "title": "Ackley_10Dx_10Dn_[-5.0, 10.0]_rffD150_noiseTest0.005_noiseTrain0.005",
  "dimensions": 10,
  "n_train": 100,
  "n_test": 5000,
  "num_rff": 150,
  "feature_dim": 300,
  "ard": true,
  "best_train_loss": 0.8694307917086722,
  "noise_train": 0.005,
  "noise_test": 0.005,
  "noise_type": "gaussian",
  "Total_Time": 6.122590780258179,
  "Training_Time": 6.087006568908691,
  "Prediction_Time": 0.035584211349487305,
  "RRMSE": 0.5899763095906202,
  "RMSE": 0.8146020770984808,
  "MSE": 0.6635765440131592,
  "MAE": 0.641084394847193,
  "NIS": 3.2794449612291574,
  "NIS_width": 1.8209460732437703,
  "NIS_outside": 1.4584988879853868,
  "CRPS": 0.4647286923818063,
  "NCRPS": 0.3365801863271532,
  "NLPD": 1.3353348176426423
}