{
  "title": "Ackley_20Dx_40Dn_[-5.0, 10.0]_rffD400_noiseTest0.005_noiseTrain0.005",
  "dimensions": 20,
  "n_train": 800,
  "n_test": 5000,
  "num_rff": 400,
  "feature_dim": 800,
  "ard": true,
  "best_train_loss": 0.2507340066998246,
  "noise_train": 0.005,
  "noise_test": 0.005,
  "noise_type": "gaussian",
  "standardize_x": true,
  "x_standardize_method": 2,
  "x_scaling_type": "UniformScaler [-1, 1]",
  "Total_Time": 293.6046350002289,
  "Training_Time": 293.45943427085876,
  "Prediction_Time": 0.1452007293701172,
  "RRMSE": 0.249051162216786,
  "RMSE": 0.23498893659035325,
  "MSE": 0.05521980031986506,
  "MAE": 0.18377772866484898,
  "NIS": 1.2158818065608783,
  "NIS_width": 0.9913314021960895,
  "NIS_outside": 0.2245504043647888,
  "CRPS": 0.13087488140265152,
  "NCRPS": 0.13870670590392578,
  "NLPD": -0.03083787904615974
}