{
  "title": "Ackley_10Dx_1000Dn_[-5.0, 10.0]_rffD10_noiseTest0.005_noiseTrain0.005",
  "dimensions": 10,
  "n_train": 10000,
  "n_test": 5000,
  "num_rff": 10,
  "feature_dim": 20,
  "ard": true,
  "best_train_loss": 7606.251630351404,
  "noise_train": 0.005,
  "noise_test": 0.005,
  "noise_type": "gaussian",
  "Total_Time": 5.881407260894775,
  "Training_Time": 5.638744115829468,
  "Prediction_Time": 0.24266314506530762,
  "RRMSE": 0.4992406883483393,
  "RMSE": 0.6892210223473014,
  "MSE": 0.47502561764545936,
  "MAE": 0.5388504539155652,
  "NIS": 2.4702198949396843,
  "NIS_width": 2.0215179795556057,
  "NIS_outside": 0.4487019153840784,
  "CRPS": 0.3844492823008827,
  "NCRPS": 0.27847775692802645,
  "NLPD": 1.0469554737103262
}