{
  "title": "Ackley_20Dx_10Dn_[-5.0, 10.0]_rffD10_noiseTest0.005_noiseTrain0.005",
  "dimensions": 20,
  "n_train": 200,
  "n_test": 5000,
  "num_rff": 10,
  "feature_dim": 20,
  "ard": true,
  "best_train_loss": 1.0808788176540134,
  "noise_train": 0.005,
  "noise_test": 0.005,
  "noise_type": "gaussian",
  "standardize_x": true,
  "x_standardize_method": 2,
  "x_scaling_type": "UniformScaler [-1, 1]",
  "Total_Time": 7.359508275985718,
  "Training_Time": 7.342349052429199,
  "Prediction_Time": 0.017159223556518555,
  "RRMSE": 0.6822563415138191,
  "RMSE": 0.6441990877895296,
  "MSE": 0.4149924647088621,
  "MAE": 0.5089849782707653,
  "NIS": 3.4177040348642045,
  "NIS_width": 2.3773147039398608,
  "NIS_outside": 1.0403893309243435,
  "CRPS": 0.3627248126831972,
  "NCRPS": 0.3841534525090423,
  "NLPD": 1.0030121763779418
}