{
  "title": "Ackley_40Dx_40Dn_[-5.0, 10.0]_rffD512_noiseTest0.005_noiseTrain0.005",
  "dimensions": 40,
  "n_train": 1600,
  "n_test": 5000,
  "num_rff": 512,
  "feature_dim": 1024,
  "ard": true,
  "orthogonal_rff": true,
  "resample_refine": true,
  "best_train_loss": 10.886990547180176,
  "noise_train": 0.005,
  "noise_test": 0.005,
  "noise_type": "gaussian",
  "Total_Time": 12.054679155349731,
  "Training_Time": 11.915910482406616,
  "Prediction_Time": 0.13876867294311523,
  "RRMSE": 1.6502979532988227,
  "RMSE": 1.0867497541884976,
  "MSE": 1.1810250282287598,
  "MAE": 0.9260148406028748,
  "NIS": 33.2977294921875,
  "NIS_width": 1.3764886856079102,
  "NIS_outside": 31.92123794555664,
  "CRPS": 0.8109770870160327,
  "NCRPS": 1.2315197879885247,
  "NLPD": 10.933492660522461
}