{
  "title": "Ackley_10Dx_40Dn_[-5.0, 10.0]_rffD10_noiseTest0.005_noiseTrain0.005",
  "dimensions": 10,
  "n_train": 400,
  "n_test": 5000,
  "num_rff": 10,
  "feature_dim": 20,
  "ard": true,
  "best_train_loss": 347.29154629342537,
  "noise_train": 0.005,
  "noise_test": 0.005,
  "noise_type": "gaussian",
  "Total_Time": 4.312490940093994,
  "Training_Time": 4.296504259109497,
  "Prediction_Time": 0.01598668098449707,
  "RRMSE": 0.5394578523324464,
  "RMSE": 0.7452816218317686,
  "MSE": 0.5554446958401913,
  "MAE": 0.585157475685621,
  "NIS": 2.658445306273667,
  "NIS_width": 2.1519677634463554,
  "NIS_outside": 0.5064775428273119,
  "CRPS": 0.4160137385970638,
  "NCRPS": 0.3011235905868376,
  "NLPD": 1.1255660182208944
}