{
  "title": "Ackley_10Dx_40Dn_[-5.0, 10.0]_rffD150_noiseTest0.005_noiseTrain0.005",
  "dimensions": 10,
  "n_train": 400,
  "n_test": 5000,
  "num_rff": 150,
  "feature_dim": 300,
  "ard": true,
  "best_train_loss": 121.78250823902789,
  "noise_train": 0.005,
  "noise_test": 0.005,
  "noise_type": "gaussian",
  "Total_Time": 5.4877705574035645,
  "Training_Time": 5.44173789024353,
  "Prediction_Time": 0.04603266716003418,
  "RRMSE": 0.24791974350637183,
  "RMSE": 0.3425105923023593,
  "MSE": 0.117313505839313,
  "MAE": 0.2652762979275218,
  "NIS": 1.2235664240038155,
  "NIS_width": 1.0470816216301226,
  "NIS_outside": 0.1764848023736927,
  "CRPS": 0.1902564137788364,
  "NCRPS": 0.1377134674505258,
  "NLPD": 0.344661734626645
}