{
  "title": "Ackley_20Dx_10Dn_[-5.0, 10.0]_rffD200_noiseTest0.005_noiseTrain0.005",
  "dimensions": 20,
  "n_train": 200,
  "n_test": 5000,
  "num_rff": 200,
  "feature_dim": 400,
  "ard": true,
  "best_train_loss": 0.7330755389192024,
  "noise_train": 0.005,
  "noise_test": 0.005,
  "noise_type": "gaussian",
  "standardize_x": true,
  "x_standardize_method": 2,
  "x_scaling_type": "UniformScaler [-1, 1]",
  "Total_Time": 26.047266006469727,
  "Training_Time": 26.004496335983276,
  "Prediction_Time": 0.042769670486450195,
  "RRMSE": 0.4028934293540396,
  "RMSE": 0.380419446289618,
  "MSE": 0.14471895511529956,
  "MAE": 0.30039886148664957,
  "NIS": 2.0805871901386297,
  "NIS_width": 1.3318552338281326,
  "NIS_outside": 0.7487319563104973,
  "CRPS": 0.21546077173919448,
  "NCRPS": 0.22818951571467302,
  "NLPD": 0.5196867117114138
}