{
  "title": "Ackley_10Dx_2Dn_[-5.0, 10.0]_rffD30_noiseTest0.005_noiseTrain0.005",
  "dimensions": 10,
  "n_train": 20,
  "n_test": 100,
  "num_rff": 30,
  "feature_dim": 60,
  "ard": true,
  "best_train_loss": 26.6259403171655,
  "noise_train": 0.005,
  "noise_test": 0.005,
  "noise_type": "gaussian",
  "Total_Time": 0.587803840637207,
  "Training_Time": 0.5780029296875,
  "Prediction_Time": 0.009800910949707031,
  "RRMSE": 1.0006995838853323,
  "RMSE": 1.449310298971512,
  "MSE": 2.1005003427048936,
  "MAE": 1.162208695099364,
  "NIS": 4.497281197564668,
  "NIS_width": 3.7849056944019557,
  "NIS_outside": 0.7123755031627109,
  "CRPS": 0.8237568791468134,
  "NCRPS": 0.5687761735839976,
  "NLPD": 1.7943778214694166
}