{
  "title": "Ackley_10Dx_10Dn_[-5.0, 10.0]_rffD50_noiseTest0.005_noiseTrain0.005",
  "dimensions": 10,
  "n_train": 100,
  "n_test": 5000,
  "num_rff": 50,
  "feature_dim": 100,
  "ard": true,
  "best_train_loss": 0.8126974206129473,
  "noise_train": 0.005,
  "noise_test": 0.005,
  "noise_type": "gaussian",
  "standardize_x": true,
  "x_standardize_method": 2,
  "x_scaling_type": "UniformScaler [-1, 1]",
  "Total_Time": 11.336272954940796,
  "Training_Time": 11.31237506866455,
  "Prediction_Time": 0.023897886276245117,
  "RRMSE": 0.4093625552239088,
  "RMSE": 0.5652219968003938,
  "MSE": 0.3194759056670244,
  "MAE": 0.44164751589136747,
  "NIS": 1.9994953530741866,
  "NIS_width": 1.582371009847313,
  "NIS_outside": 0.41712434322687325,
  "CRPS": 0.31479949383044764,
  "NCRPS": 0.22799382527062928,
  "NLPD": 0.8449466612771904
}