{
  "title": "Ackley_40Dx_40Dn_[-5.0, 10.0]_rffD75_noiseTest0.005_noiseTrain0.005",
  "dimensions": 40,
  "n_train": 1600,
  "n_test": 5000,
  "num_rff": 75,
  "feature_dim": 150,
  "ard": true,
  "best_train_loss": 1333.7339995618754,
  "noise_train": 0.005,
  "noise_test": 0.005,
  "noise_type": "gaussian",
  "Total_Time": 76.91370820999146,
  "Training_Time": 76.8237133026123,
  "Prediction_Time": 0.08999490737915039,
  "RRMSE": 0.517047486199776,
  "RMSE": 0.3404847262010672,
  "MSE": 0.11592984877621568,
  "MAE": 0.2693454474482216,
  "NIS": 2.455400782056486,
  "NIS_width": 2.005548335191894,
  "NIS_outside": 0.4498524468645924,
  "CRPS": 0.19141964794256988,
  "NCRPS": 0.29068278299069755,
  "NLPD": 0.34341969017065327
}