{
  "title": "Ackley_20Dx_10Dn_[-5.0, 10.0]_rffD100_noiseTest0.005_noiseTrain0.005",
  "dimensions": 20,
  "n_train": 200,
  "n_test": 5000,
  "num_rff": 100,
  "feature_dim": 200,
  "ard": true,
  "best_train_loss": 0.9483133528283454,
  "noise_train": 0.005,
  "noise_test": 0.005,
  "noise_type": "gaussian",
  "standardize_x": true,
  "x_standardize_method": 2,
  "x_scaling_type": "UniformScaler [-1, 1]",
  "Total_Time": 18.533458948135376,
  "Training_Time": 18.502315282821655,
  "Prediction_Time": 0.031143665313720703,
  "RRMSE": 0.5144019772414414,
  "RMSE": 0.4857078847531018,
  "MSE": 0.2359121493113324,
  "MAE": 0.38032872248046734,
  "NIS": 2.574992563619815,
  "NIS_width": 1.9686948532053765,
  "NIS_outside": 0.6062977104144388,
  "CRPS": 0.2718216383212278,
  "NCRPS": 0.28788000483155546,
  "NLPD": 0.7109111343595352
}