{
  "title": "Ackley_10Dx_40Dn_[-5.0, 10.0]_rffD100_noiseTest0.005_noiseTrain0.005",
  "dimensions": 10,
  "n_train": 400,
  "n_test": 5000,
  "num_rff": 100,
  "feature_dim": 200,
  "ard": true,
  "best_train_loss": 127.2154750290955,
  "noise_train": 0.005,
  "noise_test": 0.005,
  "noise_type": "gaussian",
  "Total_Time": 4.896984100341797,
  "Training_Time": 4.85937762260437,
  "Prediction_Time": 0.03760647773742676,
  "RRMSE": 0.2666394953828069,
  "RMSE": 0.3683726443207625,
  "MSE": 0.13569840508387102,
  "MAE": 0.2865115234031655,
  "NIS": 1.3175251489548752,
  "NIS_width": 1.0426261131631274,
  "NIS_outside": 0.2748990357917479,
  "CRPS": 0.20410799118103556,
  "NCRPS": 0.14773966691381235,
  "NLPD": 0.4128813644986523
}