{
  "title": "Ackley_10Dx_10Dn_[-5.0, 10.0]_rffD10_noiseTest0.005_noiseTrain0.005",
  "dimensions": 10,
  "n_train": 100,
  "n_test": 5000,
  "num_rff": 10,
  "feature_dim": 20,
  "ard": true,
  "best_train_loss": 1.0780616086415598,
  "noise_train": 0.005,
  "noise_test": 0.005,
  "noise_type": "gaussian",
  "Total_Time": 4.408126354217529,
  "Training_Time": 4.3942811489105225,
  "Prediction_Time": 0.013845205307006836,
  "RRMSE": 0.6811829621957018,
  "RMSE": 0.9405344703989054,
  "MSE": 0.8846050900085495,
  "MAE": 0.7420110771054924,
  "NIS": 3.336754386714374,
  "NIS_width": 2.708427003643564,
  "NIS_outside": 0.6283273830708106,
  "CRPS": 0.5262489490102633,
  "NCRPS": 0.3811362892283455,
  "NLPD": 1.360086252670646
}