{
  "title": "Ackley_20Dx_40Dn_[-5.0, 10.0]_rffD200_noiseTest0.005_noiseTrain0.005",
  "dimensions": 20,
  "n_train": 800,
  "n_test": 5000,
  "num_rff": 200,
  "feature_dim": 400,
  "ard": true,
  "best_train_loss": 0.3322110300309703,
  "noise_train": 0.005,
  "noise_test": 0.005,
  "noise_type": "gaussian",
  "standardize_x": true,
  "x_standardize_method": 2,
  "x_scaling_type": "UniformScaler [-1, 1]",
  "Total_Time": 20.658814191818237,
  "Training_Time": 20.585544109344482,
  "Prediction_Time": 0.07327008247375488,
  "RRMSE": 0.2889122937641106,
  "RMSE": 0.27259938108786,
  "MSE": 0.07431042256948435,
  "MAE": 0.2138271899831897,
  "NIS": 1.4195286839962191,
  "NIS_width": 1.054458836011243,
  "NIS_outside": 0.3650698479849761,
  "CRPS": 0.15230207022703,
  "NCRPS": 0.16141614217433556,
  "NLPD": 0.1283937945826071
}