{
  "title": "Ackley_10Dx_10Dn_[-5.0, 10.0]_rffD100_noiseTest0.005_noiseTrain0.005",
  "dimensions": 10,
  "n_train": 100,
  "n_test": 5000,
  "num_rff": 100,
  "feature_dim": 200,
  "ard": true,
  "best_train_loss": 0.6386908415789094,
  "noise_train": 0.005,
  "noise_test": 0.005,
  "noise_type": "gaussian",
  "standardize_x": true,
  "x_standardize_method": 2,
  "x_scaling_type": "UniformScaler [-1, 1]",
  "Total_Time": 8.486597537994385,
  "Training_Time": 8.460956335067749,
  "Prediction_Time": 0.025641202926635742,
  "RRMSE": 0.45884734943405653,
  "RMSE": 0.6335474795241802,
  "MSE": 0.4013824088114415,
  "MAE": 0.4972565186432097,
  "NIS": 3.5103078003764883,
  "NIS_width": 1.0351143148418138,
  "NIS_outside": 2.4751934855346747,
  "CRPS": 0.37419437408134315,
  "NCRPS": 0.2710106223598464,
  "NLPD": 1.621319261566808
}