{
  "title": "TOA_nTrain10000_nTest5000_sorfD200",
  "input_dim": 285,
  "n_train": 10000,
  "n_test": 5000,
  "num_tasks": 2,
  "task_names": [
    "y_cos",
    "y_grain"
  ],
  "num_sorf": 200,
  "rff_sampling": "sorf",
  "feature_dim": 400,
  "ard": true,
  "num_epochs": 1,
  "optimizer": "LBFGSScipy",
  "optimizer_kwargs": {
    "max_iter": 2000,
    "max_eval": 2500,
    "tolerance_grad": 1e-05,
    "tolerance_change": 1e-09,
    "history_size": 10
  },
  "standardize_x": true,
  "x_standardize_method": 2,
  "x_scaling_type": "UniformScaler [-1, 1]",
  "standardize_y": true,
  "Training_Time": 1873.8723304271698,
  "Prediction_Time": 1.0160880088806152,
  "Total_Time": 1874.8884184360504,
  "y_cos_RMSE": 0.001681061918000224,
  "y_cos_RRMSE": 0.006137259427750008,
  "y_cos_R2": 0.9999623340467165,
  "y_grain_RMSE": 12.880739221789499,
  "y_grain_RRMSE": 0.030654182173600632,
  "y_grain_R2": 0.9990603211152677,
  "y_cos_best_train_loss": -5.692563239450764,
  "y_cos_raw_noise": -6.442442885420409,
  "y_cos_noise": 3.6104149145682416e-07,
  "y_cos_noise_std": 0.0001630830069109182,
  "y_cos_Total_Time": 927.3044848442078,
  "y_cos_Training_Time": 926.8056826591492,
  "y_cos_Prediction_Time": 0.49880218505859375,
  "y_cos_MSE": 2.8259691721505916e-06,
  "y_cos_MAE": 0.0014214267845815696,
  "y_cos_NIS": 10.921715336719679,
  "y_cos_NIS_width": 10.816417470534969,
  "y_cos_NIS_outside": 0.10529786618471006,
  "y_cos_CRPS": 0.17381559889294904,
  "y_cos_NCRPS": 0.6345699772110496,
  "y_cos_NLPD": 1.2079473203744673,
  "y_grain_best_train_loss": -2.198456555523591,
  "y_grain_raw_noise": -3.266202133169158,
  "y_grain_noise": 0.000541748686261716,
  "y_grain_noise_std": 9.929528752916658,
  "y_grain_Total_Time": 947.5839335918427,
  "y_grain_Training_Time": 947.0666477680206,
  "y_grain_Prediction_Time": 0.5172858238220215,
  "y_grain_MSE": 165.91344289974634,
  "y_grain_MAE": 7.184778289897021,
  "y_grain_NIS": 0.16594309733202275,
  "y_grain_NIS_width": 0.09621590114268201,
  "y_grain_NIS_outside": 0.06972719618934077,
  "y_grain_CRPS": 5.466829069882223,
  "y_grain_NCRPS": 0.013010214036211472,
  "y_grain_NLPD": 3.831219920447093
}