{
  "gp_data": {
    "summary": {
      "Total_Time": {
        "mean": 3.623052521725185,
        "std": 0.0,
        "median": 3.623052521725185,
        "min": 3.623052521725185,
        "max": 3.623052521725185,
        "count": 1
      },
      "Full_Train_Time": {
        "mean": 3.5669481001095846,
        "std": 0.0,
        "median": 3.5669481001095846,
        "min": 3.5669481001095846,
        "max": 3.5669481001095846,
        "count": 1
      },
      "Train_Time": {
        "mean": 3.5526854001218453,
        "std": 0.0,
        "median": 3.5526854001218453,
        "min": 3.5526854001218453,
        "max": 3.5526854001218453,
        "count": 1
      },
      "Log_Time": {
        "mean": 0.014262699987739325,
        "std": 0.0,
        "median": 0.014262699987739325,
        "min": 0.014262699987739325,
        "max": 0.014262699987739325,
        "count": 1
      },
      "Prediction_Time": {
        "mean": 0.056104421615600586,
        "std": 0.0,
        "median": 0.056104421615600586,
        "min": 0.056104421615600586,
        "max": 0.056104421615600586,
        "count": 1
      },
      "RRMSE": {
        "mean": 0.8661964389736081,
        "std": 0.0,
        "median": 0.8661964389736081,
        "min": 0.8661964389736081,
        "max": 0.8661964389736081,
        "count": 1
      },
      "RMSE": {
        "mean": 1.7880378538447368,
        "std": 0.0,
        "median": 1.7880378538447368,
        "min": 1.7880378538447368,
        "max": 1.7880378538447368,
        "count": 1
      },
      "MSE": {
        "mean": 3.197079366781692,
        "std": 0.0,
        "median": 3.197079366781692,
        "min": 3.197079366781692,
        "max": 3.197079366781692,
        "count": 1
      },
      "MAE": {
        "mean": 1.3825189437601009,
        "std": 0.0,
        "median": 1.3825189437601009,
        "min": 1.3825189437601009,
        "max": 1.3825189437601009,
        "count": 1
      },
      "NIS": {
        "mean": 6.547327564003508,
        "std": 0.0,
        "median": 6.547327564003508,
        "min": 6.547327564003508,
        "max": 6.547327564003508,
        "count": 1
      },
      "NIS_width": {
        "mean": 3.273444138324697,
        "std": 0.0,
        "median": 3.273444138324697,
        "min": 3.273444138324697,
        "max": 3.273444138324697,
        "count": 1
      },
      "NIS_outside": {
        "mean": 3.273883425678809,
        "std": 0.0,
        "median": 3.273883425678809,
        "min": 3.273883425678809,
        "max": 3.273883425678809,
        "count": 1
      },
      "CRPS": {
        "mean": 1.0450887323361606,
        "std": 0.0,
        "median": 1.0450887323361606,
        "min": 1.0450887323361606,
        "max": 1.0450887323361606,
        "count": 1
      },
      "NCRPS": {
        "mean": 0.5062824237274965,
        "std": 0.0,
        "median": 0.5062824237274965,
        "min": 0.5062824237274965,
        "max": 0.5062824237274965,
        "count": 1
      },
      "NLPD": {
        "mean": 2.7941480910378154,
        "std": 0.0,
        "median": 2.7941480910378154,
        "min": 2.7941480910378154,
        "max": 2.7941480910378154,
        "count": 1
      },
      "jitter": {
        "mean": 1e-06,
        "std": 0.0,
        "median": 1e-06,
        "min": 1e-06,
        "max": 1e-06,
        "count": 1
      },
      "raw_noise": {
        "mean": -8.894913888943256,
        "std": 0.0,
        "median": -8.894913888943256,
        "min": -8.894913888943256,
        "max": -8.894913888943256,
        "count": 1
      },
      "noise": {
        "mean": 0.00031622776601683794,
        "std": 0.0,
        "median": 0.00031622776601683794,
        "min": 0.00031622776601683794,
        "max": 0.00031622776601683794,
        "count": 1
      },
      "noise_std": {
        "mean": 0.0009353167771884982,
        "std": 0.0,
        "median": 0.0009353167771884982,
        "min": 0.0009353167771884982,
        "max": 0.0009353167771884982,
        "count": 1
      },
      "outputscale": {
        "mean": -0.03288422213423873,
        "std": 0.0,
        "median": -0.03288422213423873,
        "min": -0.03288422213423873,
        "max": -0.03288422213423873,
        "count": 1
      },
      "num_epochs": {
        "mean": 1.0,
        "std": 0.0,
        "median": 1.0,
        "min": 1.0,
        "max": 1.0,
        "count": 1
      },
      "best_epoch": {
        "mean": 0.0,
        "std": 0.0,
        "median": 0.0,
        "min": 0.0,
        "max": 0.0,
        "count": 1
      },
      "cont_lengthscale_0": {
        "mean": -0.5608307766773087,
        "std": 0.0,
        "median": -0.5608307766773087,
        "min": -0.5608307766773087,
        "max": -0.5608307766773087,
        "count": 1
      },
      "cont_lengthscale_1": {
        "mean": -0.20873163513970722,
        "std": 0.0,
        "median": -0.20873163513970722,
        "min": -0.20873163513970722,
        "max": -0.20873163513970722,
        "count": 1
      },
      "cont_lengthscale_2": {
        "mean": -4.999999999900687,
        "std": 0.0,
        "median": -4.999999999900687,
        "min": -4.999999999900687,
        "max": -4.999999999900687,
        "count": 1
      },
      "cont_lengthscale_3": {
        "mean": -4.999998934996863,
        "std": 0.0,
        "median": -4.999998934996863,
        "min": -4.999998934996863,
        "max": -4.999998934996863,
        "count": 1
      },
      "cont_lengthscale_4": {
        "mean": -0.48629517541904943,
        "std": 0.0,
        "median": -0.48629517541904943,
        "min": -0.48629517541904943,
        "max": -0.48629517541904943,
        "count": 1
      },
      "y_train_mean": {
        "mean": 13.362119060774699,
        "std": 0.0,
        "median": 13.362119060774699,
        "min": 13.362119060774699,
        "max": 13.362119060774699,
        "count": 1
      },
      "y_train_std": {
        "mean": 2.9577313496838733,
        "std": 0.0,
        "median": 2.9577313496838733,
        "min": 2.9577313496838733,
        "max": 2.9577313496838733,
        "count": 1
      }
    },
    "metrics": [
      {
        "Total_Time": 3.623052521725185,
        "Full_Train_Time": 3.5669481001095846,
        "Train_Time": 3.5526854001218453,
        "Log_Time": 0.014262699987739325,
        "Prediction_Time": 0.056104421615600586,
        "RRMSE": 0.8661964389736081,
        "RMSE": 1.7880378538447368,
        "MSE": 3.197079366781692,
        "MAE": 1.3825189437601009,
        "NIS": 6.547327564003508,
        "NIS_width": 3.273444138324697,
        "NIS_outside": 3.273883425678809,
        "CRPS": 1.0450887323361606,
        "NCRPS": 0.5062824237274965,
        "NLPD": 2.7941480910378154,
        "jitter": 1e-06,
        "raw_noise": -8.894913888943256,
        "noise": 0.00031622776601683794,
        "noise_std": 0.0009353167771884982,
        "outputscale": -0.03288422213423873,
        "num_epochs": 1,
        "best_epoch": 0,
        "cont_lengthscale_0": -0.5608307766773087,
        "cont_lengthscale_1": -0.20873163513970722,
        "cont_lengthscale_2": -4.999999999900687,
        "cont_lengthscale_3": -4.999998934996863,
        "cont_lengthscale_4": -0.48629517541904943,
        "y_train_mean": 13.362119060774699,
        "y_train_std": 2.9577313496838733
      }
    ],
    "gp_model_info": {
      "model_str": "GPR(\n  (likelihood): LogGaussianLikelihood(\n    (noise_covar): LogScaleHomoskedasticNoise(\n      (raw_noise_constraint): SoftClamp(-7, 3, margin=0.01)\n    )\n  )\n  (mean_module): ConstantMean()\n  (covar_module): LogScaleKernel(\n    (base_kernel): GaussianKernel(\n      (raw_lengthscale_constraint): SoftClamp(-5, 3, margin=0.01)\n    )\n    (raw_outputscale_constraint): SoftClamp(-5, 4, margin=0.01)\n  )\n)",
      "cat_cols": [],
      "cont_cols": [
        0,
        1,
        2,
        3,
        4
      ],
      "source_cols": [],
      "qual_dict": {},
      "input_dim": 5,
      "train_samples": 10,