{
  "title": "TOA_nTrain500_nTest200_orfD128",
  "input_dim": 285,
  "n_train": 500,
  "n_test": 200,
  "num_tasks": 2,
  "task_names": [
    "y_cos",
    "y_grain"
  ],
  "num_orf": 128,
  "rff_sampling": "orf",
  "feature_dim": 256,
  "ard": true,
  "num_epochs": 1,
  "optimizer": "LBFGSScipy",
  "optimizer_kwargs": {
    "max_iter": 2000,
    "max_eval": 2500,
    "tolerance_grad": 1e-05,
    "tolerance_change": 1e-09,
    "history_size": 10
  },
  "standardize_x": true,
  "x_standardize_method": 2,
  "x_scaling_type": "UniformScaler [-1, 1]",
  "standardize_y": true,
  "Training_Time": 87.62250876426697,
  "Prediction_Time": 0.012082099914550781,
  "Total_Time": 87.63459086418152,
  "y_cos_RMSE": 0.13140897581101746,
  "y_cos_RRMSE": 0.4917533304425634,
  "y_cos_R2": 0.7581786619986471,
  "y_grain_RMSE": 231.96201779882446,
  "y_grain_RRMSE": 0.5651941852380675,
  "y_grain_R2": 0.680555532973077,
  "y_cos_best_train_loss": -0.022273345490551037,
  "y_cos_raw_noise": -2.4207169873582397,
  "y_cos_noise": 0.003795622501962972,
  "y_cos_noise_std": 0.01694563806175349,
  "y_cos_Total_Time": 44.68993616104126,
  "y_cos_Training_Time": 44.68489122390747,
  "y_cos_Prediction_Time": 0.0050449371337890625,
  "y_cos_MSE": 0.01726831892370057,
  "y_cos_MAE": 0.0925109170312506,
  "y_cos_NIS": 8.27762144390441,
  "y_cos_NIS_width": 0.3692395432841447,
  "y_cos_NIS_outside": 7.908381900620264,
  "y_cos_CRPS": 0.08104818546581702,
  "y_cos_NCRPS": 0.30329522685314575,
  "y_cos_NLPD": 8.726989337790126,
  "y_grain_best_train_loss": 0.017077802975143185,
  "y_grain_raw_noise": -2.429556368218698,
  "y_grain_noise": 0.003719149462138369,
  "y_grain_noise_std": 25.689387944611486,
  "y_grain_Total_Time": 42.94465470314026,
  "y_grain_Training_Time": 42.9376175403595,
  "y_grain_Prediction_Time": 0.007037162780761719,
  "y_grain_MSE": 53806.37770130215,
  "y_grain_MAE": 142.9589108964763,
  "y_grain_NIS": 8.217342626248282,
  "y_grain_NIS_width": 0.36924237260343934,
  "y_grain_NIS_outside": 7.8481002536448425,
  "y_grain_CRPS": 124.85378722139065,
  "y_grain_NCRPS": 0.3042163333985214,
  "y_grain_NLPD": 17.509537635754832
}