{
  "title": "TOA_nTrain500_nTest200_orfD128_mt",
  "input_dim": 285,
  "n_train": 500,
  "n_test": 200,
  "num_tasks": 2,
  "task_names": [
    "y_cos",
    "y_grain"
  ],
  "num_orf": 128,
  "rff_sampling": "orf",
  "feature_dim": 256,
  "joint_feature_dim": 512,
  "rank_kernel": 1,
  "ard": true,
  "model_class": "RFFMTGPR",
  "num_epochs": 1,
  "optimizer": "LBFGSScipy",
  "optimizer_kwargs": {
    "max_iter": 2000,
    "max_eval": 2500,
    "tolerance_grad": 1e-05,
    "tolerance_change": 1e-09,
    "history_size": 10
  },
  "standardize_x": true,
  "x_standardize_method": 2,
  "x_scaling_type": "UniformScaler [-1, 1]",
  "standardize_y": true,
  "best_train_loss": 0.24875569786064147,
  "task_noises": [
    0.002938699780888624,
    0.038795269038971486
  ],
  "task_noise_stds": [
    0.054209775694874666,
    0.19696514676198804
  ],
  "Training_Time": 276.4131886959076,
  "Prediction_Time": 0.019144058227539062,
  "Total_Time": 276.43233275413513,
  "RMSE": 136.22839237400447,
  "y_cos_RMSE": 0.10843849278969668,
  "y_cos_RRMSE": 0.4057941221168426,
  "y_cos_R2": 0.835331130455421,
  "y_grain_RMSE": 192.65600955772112,
  "y_grain_RRMSE": 0.4694219225478102,
  "y_grain_R2": 0.7796430586315177,
  "y_cos_Total_Time": 138.21616637706757,
  "y_cos_Training_Time": 138.2065943479538,
  "y_cos_Prediction_Time": 0.009572029113769531,
  "y_cos_MSE": 0.0117589067185011,
  "y_cos_MAE": 0.07445857571921538,
  "y_cos_NIS": 6.280418115558687,
  "y_cos_NIS_width": 0.3238239909977921,
  "y_cos_NIS_outside": 5.956594124560896,
  "y_cos_CRPS": 0.06438189556543841,
  "y_cos_NCRPS": 0.24092731390008473,
  "y_cos_NLPD": 7.4505949848255515,
  "y_grain_Total_Time": 138.21616637706757,
  "y_grain_Training_Time": 138.2065943479538,
  "y_grain_Prediction_Time": 0.009572029113769531,
  "y_grain_MSE": 37116.33801870474,
  "y_grain_MAE": 143.68006473257827,
  "y_grain_NIS": 3.168179666225264,
  "y_grain_NIS_width": 1.1263318480481184,
  "y_grain_NIS_outside": 2.0418478181771467,
  "y_grain_CRPS": 108.7171854373765,
  "y_grain_NCRPS": 0.26489820026460087,
  "y_grain_NLPD": 6.9396650684358265
}