{
  "gp_data": {
    "summary": {
      "Total_Time": {
        "mean": 7.265332460403442,
        "std": 0.0,
        "median": 7.265332460403442,
        "min": 7.265332460403442,
        "max": 7.265332460403442,
        "count": 1
      },
      "Training_Time": {
        "mean": 7.181731939315796,
        "std": 0.0,
        "median": 7.181731939315796,
        "min": 7.181731939315796,
        "max": 7.181731939315796,
        "count": 1
      },
      "Prediction_Time": {
        "mean": 0.08360052108764648,
        "std": 0.0,
        "median": 0.08360052108764648,
        "min": 0.08360052108764648,
        "max": 0.08360052108764648,
        "count": 1
      },
      "RRMSE": {
        "mean": 0.3166221544892056,
        "std": 0.0,
        "median": 0.3166221544892056,
        "min": 0.3166221544892056,
        "max": 0.3166221544892056,
        "count": 1
      },
      "RMSE": {
        "mean": 0.4371719008196656,
        "std": 0.0,
        "median": 0.4371719008196656,
        "min": 0.4371719008196656,
        "max": 0.4371719008196656,
        "count": 1
      },
      "MSE": {
        "mean": 0.19111927086627956,
        "std": 0.0,
        "median": 0.19111927086627956,
        "min": 0.19111927086627956,
        "max": 0.19111927086627956,
        "count": 1
      },
      "MAE": {
        "mean": 0.3441245714769129,
        "std": 0.0,
        "median": 0.3441245714769129,
        "min": 0.3441245714769129,
        "max": 0.3441245714769129,
        "count": 1
      },
      "NIS": {
        "mean": 1.6270309074782368,
        "std": 0.0,
        "median": 1.6270309074782368,
        "min": 1.6270309074782368,
        "max": 1.6270309074782368,
        "count": 1
      },
      "NIS_width": {
        "mean": 1.296932341643012,
        "std": 0.0,
        "median": 1.296932341643012,
        "min": 1.296932341643012,
        "max": 1.296932341643012,
        "count": 1
      },
      "NIS_outside": {
        "mean": 0.3300985658352242,
        "std": 0.0,
        "median": 0.3300985658352242,
        "min": 0.3300985658352242,
        "max": 0.3300985658352242,
        "count": 1
      },
      "CRPS": {
        "mean": 0.2475795986724991,
        "std": 0.0,
        "median": 0.2475795986724991,
        "min": 0.2475795986724991,
        "max": 0.2475795986724991,
        "count": 1
      },
      "NCRPS": {
        "mean": 0.17930975388007667,
        "std": 0.0,
        "median": 0.17930975388007667,
        "min": 0.17930975388007667,
        "max": 0.17930975388007667,
        "count": 1
      },
      "NLPD": {
        "mean": 0.6428074178511695,
        "std": 0.0,
        "median": 0.6428074178511695,
        "min": 0.6428074178511695,
        "max": 0.6428074178511695,
        "count": 1
      },
      "jitter": {
        "mean": 1e-06,
        "std": 0.0,
        "median": 1e-06,
        "min": 1e-06,
        "max": 1e-06,
        "count": 1
      },
      "raw_noise": {
        "mean": -7.055142472926443,
        "std": 0.0,
        "median": -7.055142472926443,
        "min": -7.055142472926443,
        "max": -7.055142472926443,
        "count": 1
      },
      "noise": {
        "mean": 0.0003162331622124231,
        "std": 0.0,
        "median": 0.0003162331622124231,
        "min": 0.0003162331622124231,
        "max": 0.0003162331622124231,
        "count": 1
      },
      "noise_std": {
        "mean": 0.00045866046893792896,
        "std": 0.0,
        "median": 0.00045866046893792896,
        "min": 0.00045866046893792896,
        "max": 0.00045866046893792896,
        "count": 1
      },
      "outputscale": {
        "mean": -0.08074147491642222,
        "std": 0.0,
        "median": -0.08074147491642222,
        "min": -0.08074147491642222,
        "max": -0.08074147491642222,
        "count": 1
      },
      "num_epochs": {
        "mean": 1.0,
        "std": 0.0,
        "median": 1.0,
        "min": 1.0,
        "max": 1.0,
        "count": 1
      },
      "best_epoch": {
        "mean": 0.0,
        "std": 0.0,
        "median": 0.0,
        "min": 0.0,
        "max": 0.0,
        "count": 1
      },
      "cont_lengthscale_0": {
        "mean": -0.8124730654946307,
        "std": 0.0,
        "median": -0.8124730654946307,
        "min": -0.8124730654946307,
        "max": -0.8124730654946307,
        "count": 1
      },
      "cont_lengthscale_1": {
        "mean": -0.6081250050675695,
        "std": 0.0,
        "median": -0.6081250050675695,
        "min": -0.6081250050675695,
        "max": -0.6081250050675695,
        "count": 1
      },
      "cont_lengthscale_2": {
        "mean": -0.9447019633267008,
        "std": 0.0,
        "median": -0.9447019633267008,
        "min": -0.9447019633267008,
        "max": -0.9447019633267008,
        "count": 1
      },
      "cont_lengthscale_3": {
        "mean": -0.7640356914066648,
        "std": 0.0,
        "median": -0.7640356914066648,
        "min": -0.7640356914066648,
        "max": -0.7640356914066648,
        "count": 1
      },
      "cont_lengthscale_4": {
        "mean": -0.765735620399391,
        "std": 0.0,
        "median": -0.765735620399391,
        "min": -0.765735620399391,
        "max": -0.765735620399391,
        "count": 1
      },
      "cont_lengthscale_5": {
        "mean": -0.8815433858004957,
        "std": 0.0,
        "median": -0.8815433858004957,
        "min": -0.8815433858004957,
        "max": -0.8815433858004957,
        "count": 1
      },
      "cont_lengthscale_6": {
        "mean": -0.6177632406597863,
        "std": 0.0,
        "median": -0.6177632406597863,
        "min": -0.6177632406597863,
        "max": -0.6177632406597863,
        "count": 1
      },
      "cont_lengthscale_7": {
        "mean": -0.7387099209814336,
        "std": 0.0,
        "median": -0.7387099209814336,
        "min": -0.7387099209814336,
        "max": -0.7387099209814336,
        "count": 1
      },
      "cont_lengthscale_8": {
        "mean": -0.9365769552453751,
        "std": 0.0,
        "median": -0.9365769552453751,
        "min": -0.9365769552453751,
        "max": -0.9365769552453751,
        "count": 1
      },
      "cont_lengthscale_9": {
        "mean": -0.8112887035726759,
        "std": 0.0,
        "median": -0.8112887035726759,
        "min": -0.8112887035726759,
        "max": -0.8112887035726759,
        "count": 1
      },
      "y_train_mean": {
        "mean": 14.055057405619612,
        "std": 0.0,
        "median": 14.055057405619612,
        "min": 14.055057405619612,
        "max": 14.055057405619612,
        "count": 1
      },
      "y_train_std": {
        "mean": 1.4503870047311271,
        "std": 0.0,
        "median": 1.4503870047311271,
        "min": 1.4503870047311271,
        "max": 1.4503870047311271,
        "count": 1
      }
    },
    "metrics": [
      {
        "Total_Time": 7.265332460403442,
        "Training_Time": 7.181731939315796,
        "Prediction_Time": 0.08360052108764648,
        "RRMSE": 0.3166221544892056,
        "RMSE": 0.4371719008196656,
        "MSE": 0.19111927086627956,
        "MAE": 0.3441245714769129,
        "NIS": 1.6270309074782368,
        "NIS_width": 1.296932341643012,
        "NIS_outside": 0.3300985658352242,
        "CRPS": 0.2475795986724991,
        "NCRPS": 0.17930975388007667,
        "NLPD": 0.6428074178511695,
        "jitter": 1e-06,
        "raw_noise": -7.055142472926443,
        "noise": 0.0003162331622124231,
        "noise_std": 0.00045866046893792896,
        "outputscale": -0.08074147491642222,
        "num_epochs": 1,
        "best_epoch": 0,
        "cont_lengthscale_0": -0.8124730654946307,
        "cont_lengthscale_1": -0.6081250050675695,
        "cont_lengthscale_2": -0.9447019633267008,
        "cont_lengthscale_3": -0.7640356914066648,
        "cont_lengthscale_4": -0.765735620399391,
        "cont_lengthscale_5": -0.8815433858004957,
        "cont_lengthscale_6": -0.6177632406597863,